seed,C,gamma,accuracy_cv,balanced_accuracy_cv,precision_cv,recall_cv,f1_cv,f1_std,roc_auc_cv,fit_time_s
123,1.0,auto,0.6377862595419848,0.6358918245121277,0.5306631937030852,0.6272166427546628,0.5740493240670217,0.016883691116224772,0.682875145093017,0.3506950378417969
123,1.0,scale,0.6374045801526718,0.6345208693137779,0.5304868850417238,0.6213438546150167,0.5715485185908967,0.016717357478072355,0.6835238682932077,0.37236752510070803
123,10.0,scale,0.6362595419847328,0.6286311586527722,0.5305941147762724,0.5939120038259207,0.5601180904829883,0.020413033283024098,0.6741118915931691,0.4692047595977783
123,10.0,auto,0.6347328244274809,0.6273830021820641,0.5287052035657522,0.593921568627451,0.5589339994866349,0.02178606411977765,0.6748105179834759,0.47112293243408204
123,0.1,scale,0.6122137404580152,0.6095116043492862,0.5037133553359361,0.5969679579148732,0.5439439644761033,0.030440014111239172,0.6420980335468923,0.4616178035736084
123,0.1,auto,0.6114503816793893,0.6087112994712374,0.5029049601355488,0.5959923481587757,0.5427083377103777,0.03245171940671747,0.6417306935867856,0.44701433181762695
123,10.0,0.01,0.5996183206106871,0.5973713497651526,0.4911703886693003,0.5871114299378288,0.532267011682635,0.02530709251709967,0.6574260243463927,0.3277598857879639
123,1.0,0.01,0.566030534351145,0.5502475154753392,0.44951009276745824,0.47848876135820184,0.4527259049525929,0.06787026382626424,0.595331108870454,0.36822686195373533
123,0.1,0.01,0.5557251908396947,0.5214161645333262,0.4351185207225301,0.3658201817312291,0.38074034610170787,0.06542333865857694,0.5312959123122832,0.4126704216003418
