seed,C,gamma,accuracy_cv,balanced_accuracy_cv,precision_cv,recall_cv,f1_cv,f1_std,roc_auc_cv,fit_time_s
42,1.0,auto,0.6412213740458015,0.637741022597968,0.5349733679364814,0.6222238163558107,0.5740427140795509,0.02469034577241623,0.6939437799930738,0.3640627384185791
42,1.0,scale,0.6412213740458015,0.6373880216414878,0.5351710079179162,0.6202678144428504,0.5732863704772566,0.025503520308908484,0.6943843045523507,0.3794797420501709
42,10.0,auto,0.6377862595419848,0.6298191570381497,0.5329648003629214,0.5938546150167384,0.5605204543548322,0.019510263442701063,0.691339826960297,0.47506303787231446
42,10.0,scale,0.6370229007633588,0.6290164609597184,0.5318679108303297,0.5928742228598757,0.5595508870203837,0.020034641574294212,0.6902589029581172,0.5387615203857422
42,10.0,0.01,0.6175572519083969,0.6072433376210029,0.5090513104466593,0.5606073648971784,0.5302602166923202,0.046532640403678764,0.6588279841000165,0.33332252502441406
42,0.1,scale,0.6106870229007633,0.6012651052278086,0.5017817163020741,0.5586704925872789,0.527206388468998,0.034128407598303434,0.6458538199332413,0.46248679161071776
42,0.1,auto,0.6106870229007634,0.6010859975728191,0.5017248463201152,0.5576853180296509,0.5266692720082127,0.033238803175703,0.6450276269378843,0.44512042999267576
42,1.0,0.01,0.6049618320610687,0.5596772422938134,0.5091500242815041,0.3541272118603539,0.40635947865035976,0.053279979984803064,0.587890129917515,0.4315169334411621
42,0.1,0.01,0.5908396946564884,0.5206244654467798,0.45487000717446746,0.2015016738402678,0.26836785468818464,0.06679686162301939,0.5027245608418075,0.39092650413513186
