seed,accuracy,balanced_accuracy,precision,recall,f1,roc_auc,pr_auc,best_cv_f1,best_C,best_gamma,runtime_seconds
42,0.614329268292683,0.598671875,0.5056179775280899,0.52734375,0.5162523900573613,0.6479589843750001,0.5643730855681501,0.5740427140795509,1,auto,4.213790294001228
