seed,accuracy,balanced_accuracy,precision,recall,f1,roc_auc,pr_auc,best_cv_f1,best_C,best_gamma,runtime_seconds
2026,0.614329268292683,0.61484375,0.5047923322683706,0.6171875,0.5553602811950791,0.668515625,0.5839504570264213,0.55598560260183,1,scale,3.8372946950003097
