seed,accuracy,balanced_accuracy,precision,recall,f1,roc_auc,pr_auc,best_cv_f1,best_C,best_gamma,runtime_seconds
123,0.6082317073170732,0.604921875,0.49834983498349833,0.58984375,0.5402504472271914,0.665478515625,0.5888813162770739,0.5740493240670217,1,auto,3.7451613799985353
